votes,name,seen,star,date,text
260,____anybody,看过,推荐,2019-09-11 04:49:11,没错，在影片的前中后，我的菊花分别为剧情紧了三次。
116,瓦力,看过,推荐,2019-12-08 15:27:16,“霍金夫妇”的天空大冒险...本片可与《搏击太空》、《登月第一人》组成“人类升空进击三部曲”，但这无疑是当中最惊心动魄的，什么防护都没有凭借一腔热血乘热气球玩命上升至当下民航机的飞行高度，最后连吊篮都扔了，热气球变降落伞...那个时代科学研究都是拿拼命换来的...本片也可与《云中行走》《徒手攀岩》组成“恐高症千万别看三部曲”，女主万米高空爬热气球那段实在太吓人。结尾Sigrid唱的Home to you瞬间爱了。
214,Maggie_in_LA,看过,还行,2019-10-08 15:41:00,这个片子虽然有的情节惊心动魄，画面也很美，但全程其实挺可笑的。看多了那种NASA在太空中的历险及太空科幻电影，如今看两个乘坐气球的人在天上往下扔土，在一个气球上上蹿下跳演杂耍是真的挺可笑的。特别是小雀斑在片中的角色简直是猪一样的队友，整个存在的作用就是烘托菲丽希缇·琼斯角色的伟大。但可笑的是，貌似真实事件里，根本都没有女性，是俩男的升天。他们的名字是 James Glaisher 和 Henry Coxwell 。 虽然我也很开心编导给予女性机会，把男变女，塑造了一个身材弱小但体力如牛般强大的女性角色，并且故意让男主在关键时刻整个晕过去，让女主抢走所有光彩，但还是觉得有点太刻意了。
185,花袭人,看过,还行,2019-12-12 18:58:00,在电影院看观感蛮好的，高空景致壮美，热气球独有的危险和挑战也挺抓人的，影片的长度跟热气球在空中停留的时间一致，是很好的一个呈现纬度。从前的科学家太猛太raw了。演得也不错。但是查了一下发现当年是两个男人上去的，既然是有所本，那最好照着历史事件来，不像虚构没关系。有点不是滋味。男性曾经抹杀女性对科学的贡献，现在反过来抹杀男性的贡献并不是正确的补偿方式。扣一星。
111,HarperDie,看过,推荐,2019-09-20 13:39:13,我相信埃迪·雷德梅恩在接下这个本子的时候，就笃定了要与导演汤姆·哈伯一起成就第一主角菲丽希缇·琼斯。整个故事的推进，很像是琼斯的《荒野猎人》探索，高度付出换来高效收益。高空热气球上的戏份棚拍，非常考验导演对光线和取景方式的判断，总体来讲处理得比较出色，雨雾霜气、蝶雪细流变化频繁。当然，地面对话的部分还是略多，如果比例调整一下，戏剧冲突效果会更佳。
94,同志亦凡人中文站,看过,还行,2019-11-06 14:54:48,“万物理论”CP再次合体，讲的却是个热气球版的“地心引力”故事。感觉19世纪的人都太猛了，动辄以科学的名义玩儿命，毫无准备的就冲上三万英尺高空！Sigrid的片尾曲好听，蝴蝶风暴很美，恐高症（如我）以后还是不要看了…
73,伪装的甘党,看过,推荐,2019-09-09 11:14:32,剧本传统，完成得很工整，一定要在大银幕观看，可能剪辑想玩下花花结果插叙展现得一般。一开场会有Amazon很有钱的错觉，刚升空还有点绿幕感，随着海拔升高剧情逐渐紧张，斑菲的演技得以更好发挥，我喜欢高空氛围衬托下两人在热气球上的大段对手戏和Felicity单人解决危机的一段，太惊心动魄了——所以最大看点还是演技。
46,飞侠式拼搏,看过,还行,2019-12-29 10:13:05,色彩画面都还不错，视觉方面肯定是给人印象深刻的。好几处场景都让人极其惊心动魄，特别是徒手攀气球那段一边吓得恐高，一边又为女主捏了一把汗。另外蝴蝶和星星那段给人有浪漫的感觉，还以为影片会借此把男女主的感情戏牵上，但最后却并没有，这点好评。除此之外，片子就没什么惊喜了。故事的简单，加上多次的闪回更让片子显得有点无聊乏味。整体而言，中规中矩。
34,小A,看过,还行,2019-09-10 22:56:55,Steven Price再次给一部高空灾难片配乐。高空热气球景色很壮观，高空灾难场景有还不错的奇观效果，其他都差强人意。剧本逻辑各种问题，整体看下来只能勉强理顺头绪。意识形态上有点对科学家怀有敌意，尽管是真实历史人物，但这位科学家在故事里recklessly各种实际问题都不考虑，一直在制造麻烦。另外片中人物英语姓Wren，而片中人物拿的有她名字的法语版明信片写的Rennes。这两个词在两种语言里有什么对应关系吗？
355,誒嘿嘿教父,看过,力荐,2019-09-19 14:28:34,人类挑战风暴需要多大的勇气，人类挑战偏见需要多大的勇气，人类挑战自己的最愧疚与悔恨的事需要多大的勇气
37,舌在足矣,看过,推荐,2019-12-05 10:37:28,Good o’ adventure flick. 气球上的几场戏拍的非常身临其境，几乎就是19世纪的「地心引力」（作曲还正好是Steven Price），而且据说不少都是高空实拍。既然女主整个角色都是虚构的，那还不如干脆把传记片的地面戏都给删掉呢。另外，作为同样是亚马逊出品的电影，总觉得这片是James Gray选剩下的片
51,又又,看过,推荐,2019-12-02 20:17:30,两个难兄难妹历经九九八十一难终于平安落地，真是给他们捏把汗啊。女性角色真他妈强悍勇敢，小雀斑相比之下好没用啊。这故事告诉我们：关键时刻要相信女性！12.2@海南电影节第二部
43,文刀大土申,看过,推荐,2019-12-03 00:13:12,剧本还是传统传记片的那套吧，不功不过。观感最好的部分，来自于热气球置于3万英尺高空的几场戏，拍得蛮惊险刺激的，有点太空科幻片的感觉，称得上高空爱好者的福音了。7分
25,Cycble,看过,推荐,2020-11-13 22:19:22,"①想要改变世界旁观是远远不够的，你必须选择怎样过活。是按照家人的想法结婚生子一生平安，还是选择高飞开启冒险。如果你相信你能飞翔，你一定可以飞翔。

②对于身边的天才，和他一道不只是你的契机，也可以是你的责任，也许封神榜上注定不会留下你的名字，但你知道因为有你他才得以羽化成仙。

③生和死，科学家和疯子，很多时候不过是一线之间，很讨厌男主快冻死了还执着要继续高飞，但想想，科学不正是在一次次冲破界限后得以拓展吗。

④你永远不知道那个女人在你熟睡的时候为你做了多么了不起的事。"
50,亵渎电影,看过,较差,2019-12-07 23:08:55,是想走奥斯卡命题作文路线，拍一部古装英伦文艺片，但这个剧本不太行，小雀斑到了五十多分钟才想起来自己有演技，亮点是重头戏都在女主角那里。本以为整部电影会发生在热气球上，结果电影很快开始闪回了，女主角答应和男主角登上热气球的几场戏，充分展示了类型片写作的套路顽疾，就算是简单的过场只要推一下，叙事节奏就必须粗暴的达到那个点，哪怕是直接用配乐顶上去，这也是我现在越来越不喜欢这类好莱坞电影的原因。内容高度同质化之后，看电影的情感体验变得越来越无聊。这部电影唯一的看点就是女主角爬到热气球顶部那场戏，恐高症慎入式的视觉奇观效果类似于囧瑟夫的那部《云中行走》，但为了一场能看的戏浪费一部电影的时间，搁在电影节期间就太不值了。
11,陀螺凡达可,看过,较差,2019-12-02 19:59:23,2.5
11,恶魔的步调,看过,推荐,2020-11-14 21:13:00,五千米的蝴蝶，七千米的星星，一万一千米的气球顶……放到科幻小说的语境，这是一场对边界的探索，就像特德姜的许多小说的主题。我觉得这样的小说真的非常容易产生诗意。
6,乌鸦火堂,看过,推荐,2020-11-15 17:41:50,3.5星，其实电影故事波澜不惊，甚至热气球之外的内容都算尿点，但就是很单纯的“好看”、养眼。热气球场面绝对美轮美奂，云层、蝴蝶、光晕效果很美，三次遇险惊心动魄，尤其是琼斯姐万米高空爬热气球的场面，大银幕效果绝对爽！话说当年菲丽希缇·琼斯在我心目中一直是扮演劳拉的第一人选，可惜落空了。但这次算是开眼了，身手真不错 女冒险家范儿，这个半虚构的角色（有角色原型，但没有参与该历史事件），引导了全片的看点，没演劳拉太可惜唉。
30,木卫二,看过,还行,2019-12-02 20:37:11,特别朴实古典的热气球冒险片，一男一女双主角的搭配，闪回穿插，最终以永恒的女性引我们飞升（……下降）做结。女主在热气球上的杂技表演，尤其是最后站了起来，堪比《徒手攀岩》的恐高症患者小心脏爆表。为了困倦中仍然发作的恐高，值得追加一星。
3,云在云霄,看过,推荐,2020-11-15 11:59:11,热气球版[地心引力]，节奏与配乐看的惊心动魄。喜欢这句话，“这不是机会，这是责任”。致敬所有改变了世界的科学家。
0,0,看过,力荐,2020-11-14 20:06:59,数个世纪之后外星人光顾荒无人迹的地球时，既会惊叹于人类的渺小，也会为其创造的璀璨科学文明而惊叹吧。
3,f7ckoff,看过,推荐,2020-01-02 08:54:13,这对cp就是必看这部电影的原因之一吧，或许是因为万物理论太成功了；但我对本片的科学严谨程度表示怀疑，我感觉在女主爬上气球之前，两位应该死的差不多了才合理，后面剧情走向如《Adrift》，各种幻觉啊什么的。嗨，也是开了挂了。
0,fallingraining,看过,推荐,2020-02-04 22:30:54,太拼了
3,炎さま,看过,推荐,2020-11-15 17:40:42,女主角也太拼了，苦力全让她一个人干了……为了小雀斑去看，他表现中规中矩吧，最刺激的一段男主角睡过去了哈哈哈哈哈
0,到里斯本看海,看过,推荐,2020-11-19 11:42:43,相信女性，让女性做决定。
1,十个斗的眼窝浅,看过,还行,2020-04-19 12:04:30,我要飞得更高！
5,晚不安,看过,推荐,2020-11-13 23:37:23,巨幕厅里没几个观众，暖气也还没来，观影过程中被冻得手脚冰凉，更能感受8000米以上、零下十五度的极寒了。是工整但也精准的传记片，剧作相当扎实可信，线性的冒险中穿插闪回的铺垫，越来越能跟两人共情——一个求学界认可，另一个想克服恐惧，但他们都在上升中感受到无以名状的美：黄蝴蝶在身旁翩飞，头顶的星辰闪耀。高空戏拍出好几个层次（对应着大气层的分层），几个生死攸关的段落很有代入感，恐高症患者更是会心惊胆战、双脚抓地。小雀斑和菲丽希缇还是超级来电，好像瞬间就重新连接到《万物理论》的状态。热气球飞行的全程也是一个多小时，跟一部电影的时长相当，节奏拿捏得刚刚好。绝对是本周末院线最值得一看的电影。
6,CHEVALIER..C!,看过,还行,2019-09-13 09:28:28,TIFF2019.09.08 Eddie和Felicity继万物理论之后的又一次合体，看海报跟标题就大概知道讲什么了，故事半真实半虚构的还原了100多年前两位热气球旅行家的冒险旅程。高空部分还是挺刺激的，云端的蝴蝶群拍的太美了。除此之外其他部分都只能算中规中矩吧。
3,国王KING,看过,推荐,2019-12-29 23:55:43,4.5。壮绝的天空之旅。
1,谢谢你们的鱼,看过,还行,2020-11-13 20:21:30,从平流层、对流层升上中间层，挑战人类的极限，如此的故事要是就着《地心引力》这么拍没准儿能成为又一部经典，可惜的是，不论导演还是编剧都选择了最保守、最无趣的方式，创造了又一部刻板的学院派传记片。模式化的情节，模式化的表演，模式化的叙事，要不是有两场惊心动魄的高空戏支撑，真怕自己睡死在电影院。全片最让人反感的就是小雀斑千篇一律的欠揍表演和笨拙的插叙情节，这片子就应该拍个80分钟几乎全程都在高空，现在这幅样子是真的味同嚼蜡。IMAX效果倒是还行。
1,架构师,看过,还行,2020-11-16 21:39:01,最后20分钟燃起来了，看完有生小孩的冲动，因为人这一生不甘于平凡，要挑战世界纪录才有意思，我想挑战的是做一个世界上最好的爸爸！总之你原本心中有什么火花，这个电影有一股劲，能把这火花给点起来。
2,🦚超巢,看过,还行,2020-11-14 14:24:52,通往星空的童话历险记，伟大勇敢的女飞行家，科学探索的精神令人动容。好几个场景都太美好了：印象深刻的是蓝色天空下俯拍热气球 女主躺在顶端，嗯，适合影院看。片尾曲好听。虽然我有些怀疑科学性
2,朝阳区妻夫木聪,看过,还行,2019-12-07 22:58:50,#2ndHIIFF# 没想到此次电影节最后一部落在它身上了。中规中矩的传记片吧，闪回的文戏处理得比较糟糕，后面进入灾难场面拍得还行，能够感觉到那种高空失重的恐惧感，但影厅放映设备比较差，银幕比较脏，而且太暗了，如果是观影效果好的影厅应该会是挺不错的观影体验。另外，希望别有人再找小雀斑演戏了，真受不了把每个角色都演成霍金，有事吗？
3,LORENZO 洛伦佐,看过,还行,2019-12-27 07:44:35,部分画面惊悚让恐高人士手心冒汗。片尾曲好听。
3,大奇特(Grinch),看过,较差,2019-12-07 23:12:18,我只想看气球上的冒险，你们的背景信息如果能压缩在台词里而不是平摊在闪回里，会更好
1,时间之葬,看过,还行,2019-12-24 23:28:24,冒险的部分还是在水准之上，可惜其它方面都乏善可陈，本来最具感染力的女主角却是虚构的角色
0,Favillae,看过,还行,2020-03-20 01:22:58,"这个电影的wiki里说历史上的这次真实升空里飞行高度打破了世界纪录达到11,887米(38,999英尺)，感觉好扯啊，继续翻了Glaisher的wiki，说达到9,500~10,900米，Coxwell的wiki里则说是10,700~11,300米，一个数据赛一个高……但两位飞行员的wiki里有一个数据比较一致，即都提到他俩在8800米左右昏厥失去意识，而coxwell昏厥前打开了放气阀，打开气阀后气球还能继续升高？那10000米+高度的说法只能解释为Coxwell打开气阀前已经撑到了10000米+（而另一个缺氧这1000多米升高过程一直昏厥且没死），珠峰高度也就8800出头啊，已经是非人的环境，一战飞行员无供氧通常在20000英尺左右及以下飞行，二战飞机开放式座舱到20000英尺也要供氧了"
1,二月鸟语,看过,还行,2020-11-15 14:06:38,"7.2 / 10,视觉享受，一定要看IMAX"
1,施舍翅膀,看过,推荐,2020-11-13 20:50:01,英皇激光IMAX，看天空觉得爽又想这不是cgi做的么又觉得泄气没劲，片子其实不算差，不符合国人欣赏节奏。我这个崇洋媚外的反而很适应，老外就喜欢闪回铺垫人物塑造人物，多次用到雪，每一次都用地很妙，这个重要意向贯穿始终，从雪花书，坟前下雪，躺在篮中看雪很美，发现和雪下降速度一样。蝴蝶、俯瞰气球顶很美。小雀斑角色也太固定了吧，不仅人物性格一样，都是偏执的科学家之类的，最后还都HE，就连服装都差不多，从丹麦女孩神奇动物到这里可以无缝穿越片场。还是要好好保养，女主颈纹太暴露年龄，零下十五度爬气球我不信，摔下来不把腰椎den断啊？还荡回去，该研究的不是天气而是女人非人的身体。我很喜欢大银幕看坐标系。但不得不感慨，外片演员演技很棒，真的是用情绪在发声在表演，不像国片话剧式的虚假感。爸爸声线好像大麻雀。
1,浮影人生,看过,推荐,2020-03-25 00:35:02,《万物理论》后埃迪·雷德梅恩 和菲丽希缇·琼斯两人再度牵手合作，并且再度演绎伟大科学家的传奇人生。我之所以给这部影片打四颗星，更多的是向曾为人类文明发展做出贡献的心怀理想无畏前行的科学家们致以崇高的敬意。除了这份致敬，影片本身也不错，多处场景非常美，像油画又像摄影作品。尤其在万米高空阳光湛蓝的天空中出现星星点点银色的星星时，美得让人惊诧。影片中男女主角的表演也非常好，尤其女主角万米高空中爬上热气球顶的过程真的让观众屏住了呼吸，女主角表演真实自然又紧紧抓住观众的心，菲丽希缇·琼斯在本片中表现完美。另外，赞叹他们的时候我想到了他们成功的原因，其实就两个字，敬业，对事业追求的敬意。反观国内演员，目前更火的是上各种综艺节目，不费力气，玩了乐了刷存在感和出镜率了还顺便大把钞票拿到手了，还钻研什么表演啊
0,zhang 2nd,看过,推荐,2020-11-14 14:25:27,奇迹，完美搭档，结局很美好
0,电影榨汁,看过,推荐,2020-11-14 20:53:41,英皇IMAX整体体验感一如既往地震撼，先说屏幕，不仅是巨幕，而且是曲屏的，照顾到了任何座位观众的观影感，清晰度很高，色彩鲜艳，音效极好，真的身临其境。可以说是目前看过IMAX里体验感最好的。再说影片，以女主断续的梦境开始，直奔主题，讲述了一个怀才不遇的科学家和痛失爱人而自暴自弃的热气球女飞行家相互帮助，理解最后共同探索生命真谛的故事，全程剧情紧凑，以乘坐热气球探险为主线，穿插着两人各自的痛苦回忆，最终两人互相帮助不仅奇迹生还，同时也让他们进入了奇迹之门，拉进了与世界的距离。该片既惊险又夹杂着亲情，爱情，友情的感动，耐人寻味。#江湖观影团# #IMAX热气球飞行家# #IMAX#
2,左眼看电影,看过,还行,2020-01-26 12:00:12,那些负重扔下去掉谁头上了
1,cliosong,看过,还行,2019-12-26 20:01:49,（6.5/10）我说看开头那么别扭呢，明显上上下下的电影居然用宽银幕而不用遮幅。没想到后面这个主打流媒体平台的电影还玩起了可变画幅，而且是魔境仙踪和妈咪那样的渐变开闭屏。真的应该上院线的，天上的景色很美，亚马逊真有钱。唯一的小问题，菲总这兔牙就别给张口大特写了好嘛。
0,鲸鱼君,看过,还行,2020-11-13 16:27:16,《热气球飞行家》：两人乘热气球在万米高空遭遇暴雨，人被甩出去摇摇欲坠；温度降至冰点以下，女主为求生爬到热气球顶端，预告片里这些令人手心冒汗的场面，在正片中出现的确紧张刺激，但大部分时候看到的并非这些，而是时不时穿插的回忆段落，都在地面上，跟飞行无关，每到这时就让人想要快进。★★★
0,荔枝超人,看过,还行,2019-12-09 12:25:23,心机太重，Gravity不是那么好学。但女主确实不错。
0,幸运+++,看过,还行,2019-12-26 07:09:48,科学家有时候真的是拼啊，我还没坐过热气球，有机会一定要坐一次！
1,锤哥,看过,推荐,2020-11-13 17:19:39,"比预期中要好看些。本片貌似只是借用了热气球飞行和研究气象学的一个历史框架，并没有想拍一部传记片的样子。
剧本确实一般，剧情也不像传记那样有深刻的内核，其核心最后也只是在传达“追逐梦想”这样的心灵鸡汤，如果不是抱着看历史正剧的心态，这部电影看着其实还是挺舒服的。
画面和音乐正如我期待的，实在是美极了，就论技术层面的话，这也是一部非常适合在大银幕上欣赏的作品。
双线剪辑方面，我觉得比我最近看的《太空先锋》要高明很多很多，开篇就是直奔天空，将观众带入天堂奇观，然后再在中间插叙着两位角色之前的“因”来反应现在的“果”，即不失剧情的完整，又不失整体的视觉观赏性。"
1,阳光清清,看过,推荐,2020-02-12 16:33:15,男主气坏我了就最后机智降落伞有点作用，全程女主在努力他一点儿忙都帮不上。另外高空好害怕，全程胆战心惊啊啊啊。上帝肯定不恐高。
1,bugz,看过,推荐,2020-01-31 23:49:57,拍摄得很美。 两位主角，演技很不错。 4星
1,0o0o0oo,看过,推荐,2020-11-17 19:11:58,向上看，天空如此广阔
1,汪金卫,看过,还行,2019-12-14 18:12:59,【台北乐声影城】特映场。男女搭配，干活不累。电影以历史上真实的气象学家为原型，编排了一段还算精彩的故事。用倒叙手法在片头就抓人眼球。编剧与时俱进地加入了独立、智慧的女性角色，虚构的女主角反倒比男主更加出彩，在地面更活泼，在高空更沉稳机智。高空热气球漂浮的CG特效不错，大银幕观影效果有加成。三星半
0,周扒皮,看过,2020-11-13 13:05:36,,"什么是极限探险的终点？
演员挺有CP感的
晕车人士看得耳鸣
小雀斑也太废了吧
女主简直神力附体"
1,UrthónaD'Mors,看过,还行,2020-03-23 17:27:54,啊才发现是霍金夫妇的合作，啧啧，以及观感一般
0,深夜声噎,看过,推荐,2020-11-14 19:15:53,老爸说了句什么有点感动，然后也忘了。冲了IMAX，老罗直播买的万达券有点香，现在问题是下个月底之前能有电影给我用完？焦虑。
3,Mr. Infamous,看过,还行,2020-11-17 15:37:12,人类向星月走近的故事，再大的屏幕也装载不下，幸好看了IMAX，有几幕云也好，雪也好，蝶也好，都像是萦绕在身，但对恐高症而言，惊惧被放大的效果也很强烈。Amelia这名字承载了两个女飞行员的传奇，这次也更像是女性的独角戏，仿佛当初《万物理论》角色的倾斜有了弥补。救赎与抗衡是故事最核心的高光，只是《地心引力》珠玉在前，同类戏份都会令人先有联想。话说，当她九死一生回到篮子唤醒小雀斑时，意外地想到莫文蔚。三星半。
2,无事公,看过,还行,2019-12-29 13:10:10,我果然还是喜欢冒险片，在这冬天看，脚都出汗了。
1,Angel,看过,还行,2020-11-15 11:52:36,真大胆。但仍不够好看
2,珠我好运,看过,还行,2020-11-13 16:25:49,"大女主探险类伪传记片，视觉效果不错，不知为何普通厅整体屏幕比较暗。
"
1,许泽,看过,推荐,2020-01-04 11:58:37,当作纯冒险片看的，就还不错，不考虑真实历史和可能会有的bug。
2,kylegun,看过,力荐,2020-11-14 11:47:30,云上飞蝶，悬浮雪花，头顶掉鞋，缺氧冻残只为了更接近星空，科学冒险之浪漫；虽然刚升天时风暴到处乱飞一段有点过火了，但整体还算肉紧刺激，大银幕体验很加分；《Rogue One》之后就希望Felicity Jones能多演些女中豪杰，这部算做到了
2,TWO,看过,很差,2019-12-07 19:36:59,再见，小雀斑。
3,Laven,看过,推荐,2020-03-14 16:10:04,云中历险记。穿越暴风雨和云雾，触及云层上的蝴蝶，冰雪和星辰。好美啊，大屏幕看肯定爽爆。菲总，天空中的爱丽丝！我愿称之为一部甜美的电影。
3,连城易脆,看过,推荐,2020-11-15 13:10:59,我有【科学家冒险家情结】，因此纵然在叙事策略上这部电影非常套路化，甚至到了顽疾的地步，但是仍然极为打动我，因为我对那些人类历史上的科学家和冒险家都报以最崇高的敬意和尊重！是他们，不断地开拓人类在各个维度上的边界，最大程度地扩展了人类的视野和认知，也正是他们使得人类这样一个原本渺小的物种而显得那样光辉而伟大，一切为了探索未知领域而献身的科学家和冒险家一并构成了【人类群星闪耀时】！另外菲丽希缇·琼斯在空中的几场戏可看性还是极强的，和埃迪·雷德梅恩 一起充分展现了“科学浪漫主义”，皮埃尔那纵身一跃也令我唏嘘。片尾男女主角始终没有接吻真的可以给个好评！而就在5天前的11月10日，中国的奋斗者号载人潜水器也在马里亚纳海沟成功下潜突破10000米，这是多么伟大的壮举！我再次向所有的科技工作者表达我深深的敬意！
3,拯救宇宙太累,看过,力荐,2020-11-14 23:53:51,恐高症的人慎入
5,seamouse,看过,推荐,2019-10-25 06:29:17,没多铺垫，开始就飞，实在有些出乎意料，当然，人物前史渐渐在空中闪回展出，让科学家和女汉子搭配出戏渐有了说服力。
6,Jacob,看过,力荐,2019-11-10 06:25:58,毋庸置疑的年度最佳。无比精准、细腻而震撼的音响效果几乎可以作为杜比全景声的宣传素材，即便是在普通2D影厅也能够深刻地体会到音效剪辑与画面剪辑相得益彰带来的惊艳效果。主线具有真实的时间流程，这一依靠时不时叠加到镜头中的时空坐标系来实现的壮举完美地将观众带入到情境中，辅之以大量近乎实验性质的特写镜头（非常考验摄影师和演员，以及观众）创造出了无比独特、精彩的观影体验。摄影方面美到让人“窒息”，足以比肩《少年派的奇幻漂流》。剧情很简单——一次艰难的热气球飞行探索，然而两位主角的精彩表演使这趟旅途无比惊心动魄，《万物理论》带给小雀斑一座奥斯卡，希望这部影片也能带给Felicity一座最佳女主。然而，除去以上的成就，使这部电影特别的真正原因是它颂扬的纯粹以及献身精神，其于我，是启示录一般的存在。
1,平成宅叔,看过,还行,2020-11-14 10:43:20,遨游天际间，生命一线悬；蝴蝶自在舞，落雪缤纷飘；手可摘星辰，恐惊天上人。 对未知的探索，对知识的渴求，对科学的敬畏，或许可以一窥究竟为什么第一次工业革命发生在英国。
0,JoeyLu陆柏宇,看过,还行,2020-11-15 10:42:46,片尾曲好听炸了
2,人土土,看过,推荐,2019-12-28 19:19:23,探索这个世界的美丽，值得付出生命。电影值得去大荧幕感受高空的宁静和菲总的勇气。演技被困在热气球里无处发挥。
1,弓谷所長,看过,还行,2020-01-03 19:58:07,挺无聊的，而且所谓会让恐高症的人心脏受不了，我表示并没有。
2,四季奶青加波霸,看过,还行,2020-11-15 12:14:15,中间穿插的回忆部分真的很无聊，这是我记忆中第一次在电影院里犯困
0,SELVEN,看过,还行,2020-01-13 22:16:41,68/100 琼斯和雀斑都有自己的商业大作，但他们绝不是商业类型片最好的人选。我的意思是，尽管《热气球飞行家》具有文艺片的气质，但它确实更适合做成商业片，以及选一对更偶像的演员。
0,诸葛福媛,看过,推荐,2020-02-24 04:10:00,前90%，我：男主就是个拖油瓶，啊啊啊气死我了，女主真是聪明勇敢。最后10%，我：啊男主好聪明，太机智了，有学问就是不一样！科学万岁！PS：小雀斑真的总在演这种执着的理工农医nerd啊……
0,独行侠杀手阿何,看过,推荐,2020-11-13 23:46:31,惊险！刺激！在飞机未被发明之前，他们到达了人类从未达到过的高度。坐标轴轨迹般的气球运动，看得手心冒汗湿透。女飞行员Amelia的果敢，坚韧，令人高度敬佩。静音空镜头风头旖旎，让人片刻心宁神静。小雀斑和菲总真是一对好CP！热气球秒变降落伞真是惊呆我了！不可思议！
1,普京541,看过,推荐,2020-03-08 19:51:47,人类（科学）的探索，来自于对未知的好奇和无畏的闯荡，换成今天的话说，就是作死，所以请不要去嘲笑那些用生命在作死的人，因为不作死他们就会死，不作死，我们也没有今天的进步。
0,阿历克斯,看过,还行,2020-11-15 18:29:29,原来菲丽希缇才是第一主角啊，强大的女性，大气层版地心引力。可惜是普通厅，再大一点的银幕就好了。
1,笑看浮华,看过,还行,2020-11-15 11:28:03,科学双人组太强了 飞到太空需要很大的勇气 这部电影还不错 ，不过感觉又好像没有那么的好看 所以是三星 ，那一个菊花在那个前段中间还有后面都剪了三次 
1,Симон,看过,力荐,2020-04-06 22:34:00,Incredible ! Magnificent ! Marvelous ! 如此伟大的历险，为了科学为了使命，怀着无与伦比的勇气与超凡的智慧，完成这一人类历史上的壮举！真的可歌可泣！Felicity Jones的表演实在是无可挑剔！这个故事太精彩了！看完之后唤起我对科研的兴趣，加油！！！
2,老罗Lazzaro,看过,还行,2020-01-06 23:18:12,两人又合作了，这部普通到不入颁奖季。当热忱研究者遇上失意实践者，上演一场高空救赎，抓人的倒是高空壮丽的景象与勇敢的对抗部分。
0,St.Me,看过,还行,2020-11-15 02:35:41,看题材还有开场，就知道是一部无聊平庸之作，满满的科教感。什么梦想啊改变世界啊牺牲自我啊，已经无感了谢谢。作为半伪传记，倒是可以当成科普片看看。
2,Judy,看过,推荐,2019-12-26 12:57:24,Together we've brought stars closer.前一小时剧本太平庸，菲总和小雀斑都无处发挥
0,耿,看过,推荐,2020-01-21 20:40:56,最温柔的惊险！最浪费的研究！
1,Valuska,看过,还行,2019-11-11 19:54:55,6/10
0,小唧唧,看过,较差,2019-12-27 01:32:41,历史上和James Glaisher FRS一起飞上天的哥们Henry Tracey Coxwell惨遭抹掉，为了迎合当下的女权，虚构出了一个Amelia。这样搞法，必须狠狠扣两颗星啊喂！？！最后，必须要致敬勇士们，没有你们的舍命飞天，我们现在就不能先看天气预报再出门。
0,。,看过,推荐,2020-11-17 17:14:38,IMAX看心惊肉跳，紧张得手心直冒汗…然而从影像逻辑上来说本片又恰恰是为了“取悦”而非片中主角所言的其他什么高尚的原由。
1,#地狱少女可可#,看过,推荐,2019-12-26 00:27:09,"Look up,sky lies open.赞美科学"
2,Ms.Pearl,看过,推荐,2019-11-23 02:03:13,纯粹冲着演员去的。最后在电影院里聊了一个小时的微信。怎么说呢，一开始冲着女大法官金斯伯格取得，后来发现，也是万物理论里霍金的老婆？小雀斑和她搭戏倒蛮多了。他挺适合演 那种青年科学家，而她蛮适合演那种 聪明的独立女性。都成stereotype了…
0,喂喂喂二,看过,推荐,2019-12-27 14:12:55,故事简单 场面不错
1,罗洋,看过,还行,2019-12-21 18:50:01,打发时间吧，服装和镜头相当不错
2,当局,看过,推荐,2020-02-26 13:38:34,太克制了，居然连抱团取个暖都没有，这两人有仇吗？
2,月亮,看过,力荐,2020-11-13 23:23:01,在电影院看到的场景让我忍不住打满分，5000m高空的🦋给我太大的惊喜。
0,#墙头鸡蛋花#,看过,还行,2020-11-14 12:43:42,没有意外的拍摄和剧情走向，无功无过的无聊。活在这世界，爱的人或者爱的事，总要遇见一个
0,西瓜大侠女,看过,推荐,2020-11-17 23:07:23,近期院线难得的可看的IMAX了！真实改编的力量总是更大，可惜电影中女武神一般的女勇士飞行家过于夸张了，真实生活中并不存在（尽管有女热气球飞行家）。原型是James Glaisher和Henry Coxwell两位上了年纪的男性，他们科研的精神值得敬佩。就电影本身来说还是有很强的观赏性的！一定要IMAX，尽管2D有恐高症的人还是会有不适。我就手心一次次出汗，搭上坐得过近了F排略仰。暴风雨那段一看鲜肉居然睡着了！比剧情还惊到我了。其实剧情后面挺不仅推敲的，已经有过一次，每次下降都还要过速玩儿命？而且小雀斑能想到的那夫妻俩想不到只能自己跳球？？上映才第5天英皇IMAX海报就说发完了！英皇影城英皇中心店1号IMAX厅with肉 晚间19点多黄金时间总共才六七人影院看来还是不行 需要国外佳片大片救市
0,捉҉依҉茵,看过,推荐,2020-01-07 13:48:48,多希望这个故事是中国人设。。。以前没机会，但现在仍然不去用，就如基因编辑婴的贺工，最终落得布鲁诺一般下场----当然不是说给烧S。。。
1,褪色的蝴蝶结,看过,推荐,2020-01-01 23:57:26,居然没有爱情，但还是如此的惊心动魄，跟着心跳加速手心冒汗。二度合作还是好般配！
0,mark,看过,还行,2019-12-27 01:30:33,总之热气球上的戏比地面回闪的好看，两人的矛盾冲突前史都很一板一眼，但也显得同质化了，一个心结，一个困境，三次危机的处理还是很好，只是这个同质化的人物并没有擦出更多让人共情的火花，所以也就那样了
3,子文东,看过,推荐,2020-03-17 15:30:13,非常精彩了，不要被7.2的豆瓣评分误导，不仅仅是场面非常美，Amelia 这个角色好让人惊喜，不仅不是花瓶，还可以说是这部电影真正的主角了。仔细想一下挺有意思的是，通常被设定了“遭遇打击-陷入颓废-被说服出山-力挽狂澜”这条路线的，都是男性角色，但这部中却是女性，还做到了足够可信。她和搭档 James 之间的交流和信任也都很真实，最后也不搞 fall in love 的老套，为以上这些都必须要加分。即使仍然是很模式化的故事，对于丰富模式的努力也非常值得赞美了！
0,SELVEN,看过,还行,2020-01-13 22:16:41,68/100 琼斯和雀斑都有自己的商业大作，但他们绝不是商业类型片最好的人选。我的意思是，尽管《热气球飞行家》具有文艺片的气质，但它确实更适合做成商业片，以及选一对更偶像的演员。
0,阿历克斯,看过,还行,2020-11-15 18:29:29,原来菲丽希缇才是第一主角啊，强大的女性，大气层版地心引力。可惜是普通厅，再大一点的银幕就好了。
1,Симон,看过,力荐,2020-04-06 22:34:00,Incredible ! Magnificent ! Marvelous ! 如此伟大的历险，为了科学为了使命，怀着无与伦比的勇气与超凡的智慧，完成这一人类历史上的壮举！真的可歌可泣！Felicity Jones的表演实在是无可挑剔！这个故事太精彩了！看完之后唤起我对科研的兴趣，加油！！！
3,废铁城的小月亮,看过,推荐,2019-12-02 21:13:43,我要飞得更高～飞得更高～嗷～狂风一样舞蹈～挣脱怀抱～飞得更高～～～
2,猪头妖怪,看过,推荐,2019-12-22 21:50:14,两个演员之间的化学反应相当明显。台词扼要有力，煽情力度适中，戏剧冲突尤为强烈，理想主义的热情与魅力四处满溢。同时，肾上腺素一直在飙升。
0,超人叔叔,看过,还行,2020-11-15 10:59:26,干净清亮的高空画面令人极度舒适；IMAX2D 13 部分打开至1.90:1满屏
0,九命猫@victor-eyes,看过,推荐,2020-11-14 22:23:58,关公战秦琼式的传记，把两个不同时空的人放在一起做成一个关于冒险、做梦、美、科学的执念故事，基于此，没有接吻的两个人却有很强的爱情化学反应。按好莱坞日前思路捏造出体魄强于男性的女英雄形象（也顺应《万物理论》）。多一星给我自己坐热气球的记忆重合
1,一贫如洗刘扬扬,看过,推荐,2020-01-07 01:05:00,蝴蝶可以飞的好高啊
3,电影大指南,看过,推荐,2019-12-02 22:22:53,打破了传统传记片的模式，在剧本叙事相对简单的基础上，利用剪辑提升了观感加强了节奏。男女主乘着热气球在高空中探索、征服大自然，浪漫又刺激。每一位科学家都是勇敢的冒险家，真的太伟大了！#HIIFF#
2,红酒与谋杀,看过,较差,2019-11-09 01:47:24,上一次成就小雀斑 这部显然主推菲丽希缇琼斯。在片中这个所谓“纪录”上强调男人、女人 而不是人类human 可见其投机了。菲丽希缇琼斯的门牙真的和凯拉奈特利的下巴一样抢戏。今年格雷都拍了部《星际探索》告诉人们不要那么着眼太空 别老想着上天…这部倒好 俩人作死就为破个当时的人类纪录 可别说什么为了全人类 就是私心。《星际穿越》的上天那是为了寻找新家园。上来就给了结果 俩人都已经上天了 还在片子里插入大量之前二人没达成一致意见的过程 不明所以 又不是顺叙到最后才飞天。空中的奇幻展现也远远不够啊 想象力匮乏。这片就是为了让菲丽希缇琼斯冲次颁奖季吗？
0,Zcc911,看过,还行,2020-11-19 12:51:00,The.Aeronauts.2019.1080p.AMZN.WEBRip.DDP5.1.x264-NTG
0,孑然殇逝,看过,推荐,2019-12-27 11:30:22,无论画面和故事还是很中意的，但很可惜并没有太往深层次发挥。小雀斑演技无可挑剔，但感觉还是在演霍金，希望他能早日跳出这个印象做自己吧
1,英年早睡,看过,还行,2019-12-30 21:23:22,我一个畏高之人干嘛要看这个。。。。全程高空镜头紧张得要命。。。。
0,我不是,看过,还行,2020-01-07 12:10:39,风景很美。菲丽希缇琼斯的职业最佳表演。但是居然没提名……今年各类学院奖瞎的可以啊……
1,伏伏伏伏伏的馍,看过,还行,2020-11-14 15:49:15,升空后的镜头拍的不错，冒险情节拍的不错，可惜文戏糟糕台词无味，生硬的地方太多了很破坏观感。
2,闵思嘉,看过,还行,2019-12-02 23:50:29,冒险片+极地求生片的混合，非常有意思的地方在于一开始那种近乎马戏团美学的处理，和气球升上高空之后的简约的视觉处理形成了非常好的对照。也是娱乐和科学的对照。可惜前者没能延续。
1,Odin家的三公主,看过,推荐,2020-11-14 14:50:39,许愿以星辰，冰雪的冒险，科学的精神
0,与影牵手,看过,还行,2020-07-21 14:08:08,★★★看过就好了。
0,夏季的天空,看过,还行,2020-01-30 15:42:58,“我们让星星变得更近...往上看，天空如此广阔。”-- 制作精致，画面很美，不乏惊心动魄的桥段。这部片子骨子里是一部女性电影。（虽说是改编自历史事件，但实际上是彻彻底底的篡改。）小雀斑你醒醒啊，你分明是演技派来得。
1,Enid,看过,还行,2020-01-12 19:59:38,英剧导演就是有英剧的俗套，特效也有点不平衡（虽然在影棚里拍空中灾难难度不小），因为硬伤跟演员情绪的处理使之介于魔幻与写实之间的尴尬境地
0,Crazy Ivan,看过,推荐,2020-02-01 12:08:05,万达IMAX
0,0,看过,力荐,2020-11-14 20:06:59,数个世纪之后外星人光顾荒无人迹的地球时，既会惊叹于人类的渺小，也会为其创造的璀璨科学文明而惊叹吧。
4,Ruirui,看过,推荐,2019-12-02 19:38:01,浪漫。危险。伟大。女性主义。科学家脑子还是有用的。天空是开放的，美丽又危险。
0,麟,看过,推荐,2020-11-14 21:21:14,一部很适合在大荧幕上看的电影。天空之门永远为你敞开～相比起大海，天空的美更加纯净～也更加冰冷。是雪让女主改变了想法继续飞行，也是雪花救了他们一命，让他们来得及做应对。女主飞行的原因和男主一开始是不同的，患难与共后两个人的心才靠近。小雀斑真的好适合当学者的说
0,w2jmoe,看过,较差,2019-12-29 01:33:08,不太好看... :(
1,metaphor17,看过,推荐,2020-11-14 23:00:45,这一场华丽的冒险没有真实的你陪我走
3,烦烦,看过,推荐,2019-12-02 20:04:52,剧本确实很工整，整体还是挺刺激的，高空爱好者的读音，恐高症的噩梦，开场就很吸引人，情节比较紧凑，一直维持在嗨点上，基本没啥尿点，演员方面感觉女主更出彩
1,风间隼,看过,较差,2020-01-30 19:15:19,女主角不但拥有“受创消沉-振作精神-自我救赎”的经典主角心理曲线，还万米高空美女救英雄包揽动作戏，一脚踩上热气球阀门的那个全景就差大吼一声“老娘是世界女王”了。小雀斑相比起来就是个性格没什么层次的无聊科学家。我心想可以啊从科学史上发掘出这么有魅力的女飞行员来，值得鼓掌，结果一查整个人物是假的，当年是两个男的一起上的天。这就呵呵哈哈嘿嘿……太可乐了。主创们政治正确的那点小心思啊。3星片本来要加一星的，现在减一星吧。
0,尼莫幸运鳍,看过,较差,2020-03-05 02:46:05,看到真实事件改编，又看到是男女双主角，心中惊叹，竟然有这么酷这么戏剧化的热气球航行历史。后来一看，女主角竟然是杜撰出来的，历史上其实是两个男生。一万只草泥马，就这么对待历史？什么年代了，两个男的一起不香么？
2,Voiiz-,看过,推荐,2019-12-02 20:02:13,#HIIFF 
0,行之🇨🇳,看过,还行,2020-11-13 19:47:36,妇女能顶半边天，啊不，大半边
1,gegemoon,看过,还行,2019-12-29 15:15:38,很工整，是优点也是缺点，这也是为什么今年颁奖季查无此片。他们最后往下丢东西的时候我好在意底下的人会不会被砸到。
0,惘然,看过,还行,2020-11-14 23:24:55,科学家+冒险家，理论+实战，前面实战救了理论，后面理论救了实战，天下无敌。
0,#外出偷狗#,看过,还行,2020-08-16 12:39:15,不是特别有必要的传记，除了复古热气球风情和冒险特效。重现<万物理论>的搭档则毫无必要，特别是redmayne又来这种nerdy scientist角色。
0,摇滚玄奘,看过,还行,2020-11-16 23:46:02,看得我这恐高患者心惊肉跳的
0,低首尘埃,看过,推荐,2020-11-16 02:04:39,从小到大就喜欢夺宝冒险和理想主义，探索未知的人散发出迷人光芒，不算有深度，结局光速收尾，有点像十几年央视引进风格的剧情片，很适合大荧幕，云雾，雪片，星辰，大地，无一景不美，愉快又刺激，收获斯宾塞的一首诗：蝴蝶的命运。
1,颜落寒,看过,还行,2019-12-20 12:53:46,海上漂流，太空漫游，都比不上这场云层之上华丽的冒险。
1,Maxthor,看过,推荐,2020-11-09 22:42:38,震撼的视觉画面以及Eddie Redmayne和Felicity Jones出色的演技，The Aeronauts的整体的紧张感和连贯感虽然被其顺叙与插叙相结合的手法削弱外，人类对天空、太空乃至未知的向往仍然使得这场向上的冒险美丽、惊险且壮观。
0,大头皮鞋,看过,推荐,2019-12-31 19:34:00,为了热气球及云上的美景，多多点赞
0,噩梦枕头,看过,还行,2020-01-18 21:12:09,十九世纪版《地心引力》，惊险度是有了，但剧本略粗糙。
2,Superhat,看过,还行,2019-12-03 18:46:01,想看看这戏技术上怎么解决，不好的一方面是果然大量闪回拼接，最开始还小心翼翼，后来就一发不可收拾，也不管人物状态和逻辑能不能碰一块，好的一方面是尽情发挥想象力来了个绝地营救，把古典的浪漫主义马上变成现代的女性主义，真敢想。万物理论组合在各自作品中的角色类型在这又嫁接在了一起，舞台剧腔的狂想科学弱鸡和体术惊人并且往事难忘的女英雄，有种神奇动物遭遇侠盗一号的破壁感，怪怪的但还可以接受。高空蝴蝶那段，影子没擦干净哎，技术破绽挺多，识别度也差。两星半
0,Raphael雷,看过,力荐,2020-11-18 21:41:09,向所有人类先驱致敬！
8,舒农,看过,较差,2019-12-07 21:07:24,好难看
21,m89,看过,还行,2019-12-23 15:40:16,大英帝国最后的倔强，片尾曲不错。不愧是Tom Harper，男女一定要平等，政治正确般无聊。完全按照工业套路展开的常规拍法，闭着眼睛都能预测到剧情走向，没死过几个挚爱亲朋，你都不好意思说自己是pioneer。
3,Lynx chen,看过,推荐,2020-11-15 12:31:28,一个简单的小故事，就2个人物，2平方米的空间，共处了90分钟，却让我感受到对于科学的执着，对于热爱的坚持，对于过往爱情的追忆，对于新生的喜悦，小雀斑从不让我失望
3,闪电杰克,看过,推荐,2020-11-13 19:50:21,我想它还是值得一场大银幕。尽管从剧作和导演层面看相对规整平实，但它仍有三个高光时刻值得记录：1、第一次遭遇暴风雨时，毫无经验的男主险些葬送了此次旅程，而女主告诉男主，穿过暴风雨最安全的办法，不是下降，而是上升UP（呼应主题）；2、热气球升至5000多米时，蝶群忽然蹁跹而至（昆虫借助气流能比鸟类飞得更高），证明人类在自然面前仍旧是学徒；3、为让两人都活下去，女主在几乎不可能的情况下爬至热气球顶部，那一刻仿佛魂穿《荒野猎人》《地心引力》，只是凭借勇气突破极限的角色变成了女性，顿时让本片多了些女性主义色彩（从热气球摔下虚空的镜头非常震撼）。此外，第三幕里对男女主关系的处理深得我意，两人之间始终与爱情无关，是因为都怀抱着“让世界更接近星空”的信仰，他们并肩作战，一起向天际更深处而去。
10,李湘,看过,力荐,2020-11-13 16:20:43,很想知道从空中丢东西不怕砸到人吗？！
17,电影Mark,看过,还行,2019-12-02 19:48:21,海南电影节开幕影片：科学双人组太强了，银幕契合度好评！人类对天空的向往，很大程度促进了科学技术的发展，电影的惊险程度不亚于太空电影。
10,随便侃侃,看过,还行,2019-12-28 06:46:13,电影很中规中矩，但先驱者精神不灭
7,陆支羽,看过,还行,2019-12-07 20:30:01,3.5。
12,蛤那,看过,力荐,2019-09-20 12:47:04,“天空是开放的”
6,津五渡,看过,推荐,2019-12-29 00:30:58,探索精神太有魅力了，闪闪发光。片子很震撼，惊心动魄加上视觉享受，领略了对天空的向往、对未知的追寻，大美。
6,贺子韶,看过,推荐,2019-10-08 07:01:53,"又一次为了Eddie加星。
整体只有及格水平，匠气过重的同时问题也是很多。
故事线中规中矩，叙事手法也平平无奇，配角的功能性真的不要太明显。
剪辑有些地方真的挺难受的（甚至怀疑是不是没剪干净…），场景切换很硬。
摄影，有些镜头给得不太舒服，拍墓碑能别晃吗？
但是我觉得最要命的是台词，地面上那几段的舞台感太重了，平常人不是这么开口就是使命天空大地的orz（而且其实James一上来就拉Amelia让她带他上天也够突兀了…）
配乐可以
特效可以
演员非常可以！！！
其实要不是因为他俩的对手戏真的太有感觉了，这部片及不了格orz
感谢小雀斑再一次接了这种服道化满分但是其实要考演技拯救全片的本子orz"
11,桃桃林林,看过,还行,2019-12-10 19:08:50,恐高症爱好者的福音。尤其是女主的几场惊险戏份，惊心动魄啊！这也会更钦佩那个时代的冒险家们。而电影本身，就正常吧。
8,λΔ消极分子,看过,2019-12-28 18:49:15,,莫文蔚的奇幻之旅~建议看片之前在手心和脚心垫点尿不湿什么的
3,水浒三国金刚,看过,还行,2020-11-13 11:37:40,气象万千
5,方枪枪,看过,还行,2019-12-25 11:50:56,热气球飞行家，天气预报员。高空热气球有几场戏，看得人惊心动魄。
4,饮歌,看过,还行,2019-09-12 22:37:58,整体一般，类型片里的常规元素挺全的；仅靠特效让恐高的观众紧张一下，这样的做法到底会让人审美疲劳。
4,魔力水族,看过,还行,2020-11-15 11:21:45,感觉高度还是不够
3,徐若风,看过,还行,2020-11-14 21:19:22,3.5  至少在“精致工整行货”的预期下，中后段影片的表现还是有超期的。尤其是中段“争执是否下降”引出来的之后几场戏，无论惊险场面带来的观赏性还是主题上的分离与凝聚再到演员的精确表演，都是力道逐渐递增的状态。对于这个天花板本身就已经被压得很低的题材，以及毫无个人特色的导演而言，看得出来大家都是尽力了，不容易...
2,戴七个表,看过,推荐,2020-11-14 17:27:10,“the sky lies open.”/事件本身已足够伟大，过度煽情，硬塞主题，适得其反。/在我有限的观影当中，这类影片还得是八股文的神，罗伯特泽米吉斯拍得最好，比如《云中行走》就观感极佳。
1,谋杀游戏机,看过,还行,2020-11-15 00:05:57,有点冒险传记片套路（冒险壮举+不断闪回准备过程），但还是蛮好看的，尤其连件外套都没带就敢义无反顾上万米高空、那种为人类探索一小步比自己生命还重要的先驱者精神，放在19世纪英国背景下，令人很神驰。类似感觉在太空、航海的冒险片里也成立。原型人物的飞行高度记录保持了45年，相当于今天的民航高度。和恐高症同伴一起看云中行走、徒手攀岩和这部（而且是IMAX），看的过程手心全是汗。霍金CP真的好搭，这部里女主太勇猛了，虚构的女性角色保护男性，最后没强行爱情结局好评
4,李一凡,看过,推荐,2019-12-02 19:40:05,知识的进步，人类福祉的增加，需要有人为此做出牺牲，这是必然的。人类在几个世纪里不断地对自然，进行极限挑战，这是一个关于勇气和认识自我的故事，也是一个教会人勇敢去主动改变世界的信念片。男女主的演技，还可，随着热气球不断上升，表演出了随着周遭环境条件的改变，人对自然环境适应的不同的精神状态和本能反应。＃HIIFF
0,豆友218894607,看过,还行,2020-11-13 19:36:17,6.5分，作为商业电影来说很棒，但是其中一些情节过于刻意而显得有点假，并且一些地方拍的违反科学，不过无伤大雅，在一部商业片里塞进科学家的梦想，我喜欢这样的情怀。男女主角的演技高于电影，值得称赞
0,老晃,看过,还行,2020-01-09 23:17:38,对光的运用和控制太美了
1,#未注销#,看过,还行,2020-11-13 23:04:49,"——🍅72%🍿️95%——（《万物理论》）“霍金”夫妇，再续前缘。放飞自我。
主要行动：减重/主要矛盾冲突：是否减重。
乏善可陈。不过，好歹感官刺激有保障——躲避暴风雨的那场是惊心动魄，吊起我的期待值。
然而，艾米莉亚攀上爬下维修热气球外部的时候，危机感消解殆尽，主动暴露在空中在我看来是更危险的处境，结果气氛却比之前轻松，随后的昏迷倒挂加速简直开挂。它接下来的设置的危机很难再说服我。"
2,五月微蓝,看过,推荐,2020-02-14 22:09:57,这是一部大女主电影啊，菲总辛苦了，怎么每次和我斑合作都要照顾他哈哈！在这个节日看我喜欢的cp也很满足了，如果有机会还是想看大荧幕，热气球和星空一定特别美。
0,📡,看过,还行,2020-01-06 10:14:42,用生命在做科学。
1,M78星云奥特曼,看过,还行,2019-11-05 03:36:35,和绝大多数真实事件改编电影一样，在真实事件中可以照搬的东西太少，所以花了一半时间穿插着讲上天前的困难时，有种在硬憋东西的感觉，因为即便不讲这些观众也能轻松猜到发生过什么。比较惊讶的是上天后的故事从我预测的纪实片变成了天空观景冒险片？我不太看得出来男主在做科研，倒是被他们在几千英尺外的气球上攀上爬下吓得不轻（which可能是唯一有新鲜感的地方）。
0,喵尔摩丝,看过,推荐,2019-12-30 23:30:07,"Together, we brought stars closer.妈呀！年度最美情话！又好看又吓人的一部“半”传记片，摄影真的太漂亮了，满天星斗，还有随风飘游的黄蝴蝶，美到我找不到合适的词形容。虽然我一直对人类征服自然这种话题不太喜欢，但是作为科学家，探索自然，职责所在。内心默默念叨过一万遍求求小雀斑别再演时代题材了，能不能也现代一回，然后又一次被他在皇家协会外面伸手接住雪花的瞬间戳到。我要哭着说，我还能爱他！"
0,蓝毛水怪,看过,还行,2020-01-20 10:30:19,剧情老套，摄影讲究
0,华盛顿樱桃树,看过,还行,2019-12-21 11:12:14,传统传记片的故事结构，高空探险戏刺激，但带着主角光环式的庇佑少了点紧张感。当然最好的还是琼斯的表演，凭什么就不是颁奖季热门了，真心不比格格差。
1,尘嚣,看过,还行,2020-11-15 22:57:59,随风飘扬五千米，黄色蝴蝶悬在你的肩头；扶摇而上八千米，日晕星辰那般深邃迷人；挑战极限一万米，冰花纷飞竟是如此晶莹剔透。得不到学院派的支持，他需要创造历史；架不住家里的安排，她只好重返琼宇。往上飞，科学记录更高一尺，丧夫的痛苦也多一分，死生亦大矣，薄如纸的生命，重如山的深情。风暴中人的力量羸弱，满怀着对自然的敬畏，不断探索着边界的可能，化为了后代的白纸黑字，惊险传奇。
0,邻舍的老花猫,看过,推荐,2020-02-05 23:49:21,这种既有故事又有特殊场景的片子真想大荧幕上看一遍 女主一直优秀加一星
0,O型血,看过,2020-10-15 10:32:48,,科学家飞上万米高空不幸被困，在极寒环境下爬上热气球顶艰难自救https://www.bilibili.com/video/BV1dZ4y1N7pc
0,Zeitgeist_,看过,较差,2019-11-06 05:07:28,有一种”好不容易请到黄金搭档两边都不能浪费可是这次该让女演员发光了不知如何权衡故事线最后两头都不着调“的感觉 空中的惊险桥段还OK 其余平平无奇 想告诉编剧凸显女探险家不等于让另一个男科学家变莽汉
1,纤纤,看过,还行,2020-11-14 10:49:20,摄影功力不俗，故事叙述的不错，能给你身临其境的感触。
0,Nesen,看过,还行,2020-01-05 17:18:38,看了半小时，弃
0,willamette,看过,还行,2019-12-27 22:36:50,和预期一样的三星电影，高空戏还挺不错的，闪回部分都很尴尬。看最近雀斑的采访都在说会努力找点当代的角色演的，知道就好哦。。
2,豆友188833286,看过,推荐,2019-11-11 05:09:38,"Look up, the sky lies open. 感觉所有触及探索人类知识极限的电影都好对我胃口，太爱这一对了。"
0,长袜子,看过,还行,2019-12-21 21:34:35,传记片注定不能走《一切尽失》那种抛却前因后果只剩与大自然抗争过程的拍摄路线。但我还是觉得既然片子想玩实时电影风格（90分钟升空对应时间差不多的电影长度），那就不要老是玩闪回杀，人物背景故事完全可以放在两人天上对话交流中就讲清楚。当然，片子热气球升空的惊险段落还是非常刺激的，如果在IMAX影院看肯定值回票价。65
0,尔安宋,看过,推荐,2020-11-13 20:15:08,电影院看还是挺爽的，特别是气球上的戏太身临其境了，琼斯辛苦了！
0,milvaro,看过,较差,2019-12-22 16:46:50,闪回太多严重打乱叙事节奏
1,Melody火星麦,看过,推荐,2020-11-14 00:24:16,在自然与科学世界里减压。果然看完心情舒爽，敬畏未来，也感叹小雀斑的腿也太长了
1,费纸姬,看过,还行,2020-05-11 03:45:04,"You don’t change the world simply by looking at it, you change it through the way you live in it. "
1,查克同志,看过,还行,2019-12-08 00:47:07,专门跑去IMAX laser看，像是维多利亚英国版的Gravaity+The Walk，但大量无趣的命题式闪回限制了成为佳作的可能。小雀斑角色定型严重，无甚新意。对剧情推动也没什么作用。Felicity Jones的角色要饱满许多。
1,秋天不吹风,看过,较差,2019-10-08 05:25:40,19世纪的灾难片而已，导演讲故事的能力太差了，结构和起伏都乱成一锅粥，履历表里的战争与和平也是类似的问题（但也比这部好太多！）以及我所认为的marvelous的演技是体现在细节之处，而不是演员通过把自己搞得很糟糕来发声…认可演员的付出，但不认同这种自我牺牲的表演模式
0,Keith Lee,看过,推荐,2020-11-15 20:26:50,小雀斑与琼妹《万物理论》后再合作，虽然全程特效，但IMAX看特别美轮美奂，和《云中行走》有异曲同工之妙，人物内心戏发挥的比较好，中途几次感动落泪
0,明月何时照哥谭,看过,推荐,2020-03-23 17:46:01,明明很好看呀，除了两线叙事显得有点儿断断续续，但热气球上的片段还是令人捏一把汗，菲丽希缇琼斯真的好可爱
0,开开!,看过,还行,2020-01-11 23:53:35,太多特效了吧，啃的是俩人二度合作的cp感。天空好美。完。
1,蒙奇D,看过,还行,2019-12-26 15:32:18,上次小雀斑和菲丽希缇·琼斯是在地上绕圈圈，这一次绕到天上去了。一转眼《万物理论》已经是5年前的电影了。这次菲丽希缇·琼斯是热气球飞行员，小雀斑是气象科学家，他们一起打破人类极限，热气球飞行高度创造了新的世界纪录。虽然对于高空环境的恶劣性考虑不足，造成了命悬一线的惊险场面，但获得了前所未有的气象数据。不仅知道了大气分层的概念，而且为气象预报的可行性创造了条件。小雀斑太弱鸡了，要不是琼斯的勇敢和智慧，他俩应该就死在天上了。
0,Pavlov,看过,还行,2020-11-15 14:42:23,剧情比较吸引人，在高空的各种经历在惊险刺激的同时，也不失浪漫、奇幻，在冒险中穿插过往闪回的套路中规中矩，但情节设置上感觉为了塑造女主，戏份有些失衡、也有些不合情理，特别是当女主孤身一人爬到热气球顶端打开阀门的时候，男主就一直躺在篮子里毫无意识，犹如“废物”一般。此外，如果说男主是初生牛犊不怕虎自信不怕冷而不带防水服，女主自己经历过这么多次飞行、同行也提到在高空有冻伤风险的情况下，却连手套都不戴一副，是不是有些准备太不充分？女主把一只鞋丢在球顶，男主直到鞋子落下才发现，看到女主冻手也没采取任何保暖措施。小男孩的情节感觉有些多余，片尾曲不错。20201114@广安门
0,哗啦啦,看过,还行,2020-02-08 22:45:53,英国电影总是追求真实，但不合适天马行空，仿佛那是在模仿好莱坞。
1,Cherry樱桃之远,看过,还行,2019-10-14 07:08:58,除了几个高空的镜头让人紧张的效果还不错之外，其他都很一般。
1,守望者,看过,推荐,2020-03-04 16:34:23,人类社会的进步必须感谢这些有梦想并且矢志不渝又坚持不懈的科学家！男女主既<万物理论>之后的二度合作默契感十足。ps，片尾曲<Home To You >非常好听，推荐！
1,阿希尔,看过,还行,2019-12-20 23:00:45,竟然蛮想在大银幕看IMAX版......
0,豆瓣路人己,看过,还行,2020-11-16 15:25:28,2.5
0,寡狗,看过,推荐,2020-11-16 01:19:59,正因为有人能不顾生命安全也要去超越那些被人认为不可能的事，才是人类最伟大的特质，男主一度被老婆说弱鸡，但最后还是因为科学和智慧拯救了他俩，每个人都有其价值等待其自身去发现，万米高空的风景不是盖的，人类走遍地球每个角落但唯独星空，或者说，向着更高的宇宙，永远攫取着人们的好奇心，永远驱动着人们一代又一代的努力，我们不该止步不前停留在地球文明，我们的目标是星辰大海，但愿每个人都有一份值得执着追求并且用一生为之奋斗的目标。
1,sickboy,看过,推荐,2019-12-17 10:08:35,電影院
0,球场终结者行云,看过,推荐,2020-11-13 19:13:10,3.5星。周五下午在一个银幕脏兮兮环境像80年代录像厅般的效区影院看的（20元票价还要啥自行车？），整个影厅就我和另个迟到的女生（这倒是很应景电影中的人物氛围了）。还是挺喜欢这种半写实半虚构的电影，不过相比气球上的惊险，文戏就有点像《中国机长》般凑时间了，最后最让我这个处女座难释怀的是：就没人关心那些高空扔下的行李箱子砸坏花花草草吗？
0,基瑞尔,看过,推荐,2019-12-20 12:32:12,大概是Amazon命中无“爆”运，其实是故事振奋人心也足够在视觉上达到出色的电影，但却再次沦为旗下众多颁奖季“哑弹”的其中一枚。Amelia打破的性别藩篱与勇敢，James的古怪坚持却最终推动的大气层研究，两人的结伴是因为对天际探索的共同渴望与对危险的不惧。而除去因求生所分享的对视之外，并无意再安插任何很鸡肋的情感互动，也属于很值得肯定的做法。戏外关于虚构角色来插入真实故事的争议，以及涉及某种议题的小聪明显得有些拙劣，不过《隐藏人物》等一干电影也做过，还是从中汲取的能量更为重要吧。
1,一个裤头的诞生,看过,还行,2020-01-01 22:52:59,埃迪和菲丽希缇两位几乎成了传记片专业户，表演还是发挥稳定的，片尾曲 Home To You - Sigrid 比电影更感人
